{
  "source": {
    "include": ["src/"],
    "includePattern": ".+_api\\.js"
  },
  "tags": {
    "allowUnknownTags": true
  },
  "plugins": [
    "node_modules/jsdoc-babel",
    "plugins/markdown"
  ],
  "templates": {
    "cleverLinks": false,
    "monospaceLinks": false,
    "dateFormat": "ddd MMM Do YYYY",
    "outputSourceFiles": false,
    "outputSourcePath": false,
    "systemName": "Spaces SDK API Reference (JavaScript)",
    "footer": "",
    "copyright": "©2021 Avaya Inc. All Rights Reserved.",
    "navType": "vertical",
    "theme": "cerulian",
    "linenums": false,
    "collapseSymbols": false,
    "inverseNav": true,
    "highlightTutorialCode": true,
    "protocol": "fred://"
  },
  "markdown": {
    "parser": "gfm",
    "hardwrap": true
  },
  "babel": {
    "presets": ["@babel/env"],
    "plugins": ["@babel/plugin-proposal-class-properties", "@babel/plugin-proposal-private-methods"]
  } 
}
